{
  "config": {
    "name": "baseline",
    "peers": 8,
    "memory_mb": 32,
    "value_size": 16384,
    "ghost_ratio": 0.15,
    "ttl_ratio": 0.25,
    "scenarios": [
      [
        2,
        400
      ],
      [
        4,
        800
      ],
      [
        8,
        200
      ],
      [
        16,
        100
      ]
    ],
    "seed": 42
  },
  "stages": [
    {
      "workers": 2,
      "reqs": 400,
      "ops": 1600,
      "dur": 0.7684328749892302,
      "thr": 2082.1597462529494,
      "lat_avg": 892.5719557894737,
      "lat_p95": 1511.542,
      "hits": 0,
      "misses": 0,
      "hit_rate": 0.0,
      "evictions": 0,
      "bytes": 54763336
    },
    {
      "workers": 4,
      "reqs": 800,
      "ops": 6400,
      "dur": 3.397231583017856,
      "thr": 1883.8868777720184,
      "lat_avg": 2075.957355982019,
      "lat_p95": 4445.375,
      "hits": 0,
      "misses": 0,
      "hit_rate": 0.0,
      "evictions": 0,
      "bytes": 105061960
    },
    {
      "workers": 8,
      "reqs": 200,
      "ops": 3200,
      "dur": 1.9088437920145225,
      "thr": 1676.4074741929717,
      "lat_avg": 4595.081067195038,
      "lat_p95": 10728.834,
      "hits": 0,
      "misses": 0,
      "hit_rate": 0.0,
      "evictions": 0,
      "bytes": 131327120
    },
    {
      "workers": 16,
      "reqs": 100,
      "ops": 3200,
      "dur": 1.8642747499980032,
      "thr": 1716.485190824704,
      "lat_avg": 8911.306336809177,
      "lat_p95": 18308.083,
      "hits": 0,
      "misses": 0,
      "hit_rate": 0.0,
      "evictions": 0,
      "bytes": 157329784
    }
  ]
}