{
  "config": {
    "name": "extreme_test",
    "peers": 8,
    "memory_mb": 32,
    "value_size": 16384,
    "ghost_ratio": 0.15,
    "ttl_ratio": 0.25,
    "scenarios": [
      [
        2,
        400
      ],
      [
        4,
        800
      ],
      [
        8,
        200
      ],
      [
        16,
        100
      ]
    ],
    "seed": 42
  },
  "stages": [
    {
      "workers": 2,
      "reqs": 400,
      "ops": 1600,
      "dur": 1.486109208984999,
      "thr": 1076.6368920442849,
      "lat_avg": 1783.3000063157895,
      "lat_p95": 2815.541,
      "hits": 546,
      "misses": 79,
      "hit_rate": 0.8736,
      "evictions": 0,
      "bytes": 26265380
    },
    {
      "workers": 4,
      "reqs": 800,
      "ops": 6400,
      "dur": 4.876735041994834,
      "thr": 1312.3534382917946,
      "lat_avg": 3012.2952461964037,
      "lat_p95": 3945.875,
      "hits": 2187,
      "misses": 397,
      "hit_rate": 0.8463622291021672,
      "evictions": 0,
      "bytes": 104897800
    },
    {
      "workers": 8,
      "reqs": 200,
      "ops": 3200,
      "dur": 2.780022958002519,
      "thr": 1151.0696308419122,
      "lat_avg": 6845.4854903514815,
      "lat_p95": 11324.333,
      "hits": 1126,
      "misses": 176,
      "hit_rate": 0.8648233486943164,
      "evictions": 0,
      "bytes": 131162960
    },
    {
      "workers": 16,
      "reqs": 100,
      "ops": 3200,
      "dur": 2.4966304169793148,
      "thr": 1281.7275549625385,
      "lat_avg": 11995.708238095238,
      "lat_p95": 17750.0,
      "hits": 1131,
      "misses": 146,
      "hit_rate": 0.8856695379796398,
      "evictions": 0,
      "bytes": 156147832
    }
  ]
}