{
  "config": {
    "name": "write_burst_ttl",
    "peers": 6,
    "memory_mb": 16,
    "value_size": 8192,
    "ghost_ratio": 0.05,
    "ttl_ratio": 0.8,
    "scenarios": [
      [
        8,
        800
      ],
      [
        16,
        1600
      ],
      [
        32,
        3200
      ]
    ],
    "seed": 42
  },
  "stages": [
    {
      "workers": 8,
      "reqs": 800,
      "ops": 12800,
      "dur": 5.964349541987758,
      "thr": 2146.0848177811695,
      "lat_avg": 3657.295493051937,
      "lat_p95": 5615.583,
      "hits": 4243,
      "misses": 871,
      "hit_rate": 0.8296832225263981,
      "evictions": 745,
      "bytes": 93374881
    },
    {
      "workers": 16,
      "reqs": 1600,
      "ops": 51200,
      "dur": 22.05734608299099,
      "thr": 2321.2221364872944,
      "lat_avg": 6859.067858274896,
      "lat_p95": 10705.417,
      "hits": 3530,
      "misses": 16931,
      "hit_rate": 0.1725233370802991,
      "evictions": 27723,
      "bytes": 93051582
    },
    {
      "workers": 32,
      "reqs": 3200,
      "ops": 204800,
      "dur": 91.93708162501571,
      "thr": 2227.610408989475,
      "lat_avg": 14351.000718073336,
      "lat_p95": 22966.666,
      "hits": 2431,
      "misses": 79529,
      "hit_rate": 0.029660810151293314,
      "evictions": 134185,
      "bytes": 94452126
    }
  ]
}